model,accuracy,precision,recall,f1,confusion_matrix
Kubota.KubotaModel,0.9547568710359408,0.5428571428571428,0.49137931034482757,0.5158371040723982,"[[2201, 48], [59, 57]]"
Luke.LukeModel,0.9509513742071881,0.0,0.0,0.0,"[[2249, 0], [116, 0]]"
Yuki.YukiModel,0.9509513742071881,0.0,0.0,0.0,"[[2249, 0], [116, 0]]"
