model,accuracy,precision,recall,f1,confusion_matrix
Kubota.KubotaModel,0.9547568710359408,0.5428571428571428,0.49137931034482757,0.5158371040723982,"[[2201, 48], [59, 57]]"
Luke.LukeModel,0.9568710359408034,0.6206896551724138,0.3103448275862069,0.41379310344827586,"[[2227, 22], [80, 36]]"
Yuki.YukiModel,0.9496828752642706,0.38461538461538464,0.04310344827586207,0.07751937984496124,"[[2241, 8], [111, 5]]"
