model,accuracy,precision,recall,f1,confusion_matrix
davidcliao.DavidcliaoModel,0.16335030078667284,0.05469994689325544,0.7862595419847328,0.10228401191658391,"[[250, 1780], [28, 103]]"
morit.MoritModel,0.6066635816751504,0.09378531073446328,0.6335877862595419,0.16338582677165353,"[[1228, 802], [48, 83]]"
thucoai.THUCOAIModel,0.9194817214252661,0.24705882352941178,0.16030534351145037,0.19444444444444445,"[[1966, 64], [110, 21]]"
