Model,Alignment,Silhouette,DB,CH,Prec@5
shibing624/text2vec-base-multilingual,0.835100109577179,0.03033405914902687,2.9017868598298793,4.3994590027696425,0.5626666666666666
Alibaba-NLP/gte-multilingual-base,0.767529706954956,0.06595328450202942,2.6720314348559566,5.174721259533497,0.7146666666666667
intfloat/multilingual-e5-large-instruct,1.0000000238418578,-0.053162526339292526,6.573323029984873,1.1237385521263916,0.19466666666666665
