Model,Alignment,Silhouette,DB,CH,Prec@5
intfloat/multilingual-e5-large-instruct,0.89646484375,0.05846102100093104,2.7902172699529557,5.4023438,0.7146666666666665
BAAI/bge-m3,0.7886962234973908,0.0800483226776123,2.700555569178091,5.7286725,0.7733333333333333
