Model,Alignment,Silhouette,DB,CH,Prec@5
sentence-transformers/paraphrase-multilingual-mpnet-base-v2,0.7428724786639214,0.08771975338459015,2.312402755884987,7.057930741419145,0.8026666666666668
intfloat/multilingual-e5-large-instruct,0.8964068341255188,0.05861210450530052,2.784507991067918,5.4231830340632685,0.7146666666666665
