Model,Alignment,Silhouette,DB,CH,Prec@5
/root/autodl-tmp/models/multilingual-e5-base,0.8610738229751587,0.03228861093521118,3.2706567311114663,3.6366528476032682,0.6080000000000001
/root/autodl-tmp/models/snowflake-arctic-embed-m-v1.5,0.7458353614807129,-0.03392753377556801,5.599161057316878,1.2087456420889309,0.304
