Model,Alignment,Silhouette,DB,CH,Prec@5
/root/autodl-tmp/models/sentence-transformers/LaBSE,0.7214191591739655,0.07819029688835144,2.538955915199904,5.243343815009643,0.7093333333333333
/root/autodl-tmp/models/sentence-transformers/paraphrase-multilingual-MiniLM-L12-v2,0.69841837272048,0.06444227695465088,2.5011372189504306,5.793059748469954,0.6746666666666666
/root/autodl-tmp/models/HIT-TMG/KaLM-embedding-multilingual-mini-v1,0.617105598449707,0.041284844279289246,3.0117521608872173,3.954465726801792,0.6639999999999998
/root/autodl-tmp/models/sentence-transformers/paraphrase-multilingual-mpnet-base-v2,0.7428724786639214,0.08771975338459015,2.312402755884987,7.057930741419145,0.8026666666666668
/root/autodl-tmp/models/AI-ModelScope/multilingual-e5-base,0.8610738229751587,0.032288625836372375,3.2706559539821725,3.6366534677861067,0.6080000000000001
/root/autodl-tmp/models/AI-ModelScope/snowflake-arctic-embed-m-v1.5,0.7458353424072266,-0.03392752259969711,5.599161198965218,1.2087451951608275,0.304
