Model,Deception_Hate,Metaphor_Hate,Slur_Alignment,Standard_Baseline,Hate_Mean,Gap,Drop_Rate (%)
Alibaba-NLP/gte-multilingual-base,0.7811805903911591,0.841570109128952,0.7839102745056152,0.8711228966712952,0.8022203246752421,0.0689025719960531,7.909627018109757
HIT-TMG/KaLM-embedding-multilingual-mini-v1,0.6194171905517578,0.7207533419132233,0.6394461691379547,0.7170855402946472,0.6598722338676453,0.05721330642700195,7.978588775265677
Snowflake/snowflake-arctic-embed-m-v1.5,0.6815463602542877,0.5111068338155746,0.6657805144786835,0.6609849035739899,0.6194779028495153,0.04150700072447455,6.279568640682019
intfloat/multilingual-e5-base,0.807206928730011,0.8766136765480042,0.8526411354541779,0.9090255498886108,0.845487246910731,0.06353830297787988,6.989715854044549
intfloat/multilingual-e5-large-instruct,0.8786948323249817,0.9264440536499023,0.9000795781612396,0.9386252164840698,0.9017394880453745,0.03688572843869531,3.929761079386186
sentence-transformers/paraphrase-multilingual-MiniLM-L12-v2,0.6930449306964874,0.9338578581809998,0.6421394944190979,0.9567784368991852,0.7563474277655283,0.20043100913365686,20.948529085085983
sentence-transformers/paraphrase-multilingual-mpnet-base-v2,0.8415847718715668,0.9487654268741608,0.7101002931594849,0.9641108512878418,0.8334834973017374,0.13062735398610437,13.548997380499836
shibing624/text2vec-base-multilingual,0.868411660194397,0.9068323969841003,0.868076354265213,0.9510229825973511,0.8811068038145701,0.069916178782781,7.351681301311144
