Model,Mean_Std,Mean_Slur,Gap,Drop_Rate(%),P-Value,Significant?
paraphrase-multilingual-MiniLM-L12-v2,0.9105397462844849,0.774976396560669,0.1355633497238159,14.888240768949487,0.0365521347542276,YES (*)
paraphrase-multilingual-mpnet-base-v2,0.9401062250137329,0.8386188626289368,0.10148736238479605,10.795307985894205,0.06045220400255828,NO
KaLM-embedding-multilingual-mini-v1,0.722338855266571,0.6416011691093445,0.08073768615722654,11.177259200244904,0.006821345877357717,YES (*)
gte-multilingual-base,0.8725097894668579,0.8144799828529358,0.0580298066139221,6.6509060774413635,0.0311264032888752,YES (*)
text2vec-base-multilingual,0.933823537826538,0.8766763806343079,0.05714715719223018,6.119695518196021,0.00032982118071496545,YES (***)
multilingual-e5-base,0.8947564125061035,0.8672032952308655,0.027553117275238015,3.0793986933343227,0.042361898776308346,YES (*)
multilingual-e5-large-instruct,0.9274622321128845,0.9160815358161927,0.011380696296691806,1.2270792170981495,0.3847571380727237,NO
snowflake-arctic-embed-m-v1.5,0.6617483139038086,0.659145450592041,0.0026028633117676225,0.39333130996779136,0.9216639294755059,NO
